event_key,model_split,ticker,y_pred,y_true,year
CSCO_2022_Q1,prior_only_val,CSCO,-0.0015555950000000001,-0.00494619,2022
DIS_2022_Q1,prior_only_val,DIS,-0.0011183710000000002,-0.00840411,2022
IBM_2022_Q1,prior_only_val,IBM,-0.0013152749999999999,-0.0009715899999999999,2022
MSFT_2022_Q1,prior_only_val,MSFT,-8.88177777777778e-05,-8.542e-05,2022
NKE_2022_Q1,prior_only_val,NKE,-0.002202682,-0.00050994,2022
AAPL_2022_Q2,prior_only_val,AAPL,-0.001428949,-0.0007026399999999999,2022
AMGN_2022_Q2,prior_only_val,AMGN,-0.000858916,-2.2879999999999998e-05,2022
AMZN_2022_Q2,prior_only_val,AMZN,-0.000129233,-0.00019901,2022
DIS_2022_Q2,prior_only_val,DIS,-0.001780710909090909,-0.00085869,2022
MSFT_2022_Q2,prior_only_val,MSFT,-8.847800000000002e-05,2.1859999999999984e-05,2022
NKE_2022_Q2,prior_only_val,NKE,-0.0020487963636363635,-0.00114921,2022
AAPL_2022_Q3,prior_only_val,AAPL,-0.001362920909090909,-0.00040280000000000003,2022
AMZN_2022_Q3,prior_only_val,AMZN,-0.00013557636363636363,-0.0017514899999999999,2022
CSCO_2022_Q3,prior_only_val,CSCO,-0.00181641,-0.02351422,2022
DIS_2022_Q3,prior_only_val,DIS,-0.0017038758333333332,-0.00174311,2022
NKE_2022_Q3,prior_only_val,NKE,-0.0019738308333333335,-0.00187298,2022
AAPL_2022_Q4,prior_only_val,AAPL,-0.0012829108333333333,-0.00023414000000000003,2022
AMZN_2022_Q4,prior_only_val,AMZN,-0.0002702358333333333,-0.00036872,2022
CSCO_2022_Q4,prior_only_val,CSCO,-0.0033662535714285716,-0.00187935,2022
IBM_2022_Q4,prior_only_val,IBM,-0.001284030909090909,-0.0011752,2022
MSFT_2022_Q4,prior_only_val,MSFT,-7.844727272727275e-05,-5.9319999999999994e-05,2022
NKE_2022_Q4,prior_only_val,NKE,-0.001966073076923077,-0.00046361000000000004,2022
NVDA_2022_Q4,prior_only_val,NVDA,-0.0002997414285714285,-0.00021324,2022
AAPL_2023_Q1,prior_only_test,AAPL,-0.0012022361538461537,-0.00259178,2023
AMGN_2023_Q1,prior_only_test,AMGN,-0.0007829127272727273,-0.00050053,2023
AMZN_2023_Q1,prior_only_test,AMZN,-0.0002778115384615384,9.485e-05,2023
CSCO_2023_Q1,prior_only_test,CSCO,-0.003267126666666667,-0.00214506,2023
DIS_2023_Q1,prior_only_test,DIS,-0.001706893846153846,-0.00041479000000000006,2023
IBM_2023_Q1,prior_only_test,IBM,-0.0012749616666666663,-0.00243218,2023
MSFT_2023_Q1,prior_only_test,MSFT,-7.685333333333335e-05,-1.2099999999999996e-05,2023
NKE_2023_Q1,prior_only_test,NKE,-0.0018587542857142858,-0.0017457800000000002,2023
NVDA_2023_Q1,prior_only_test,NVDA,-0.00028892874999999997,-0.00705162,2023
AMGN_2023_Q2,prior_only_test,AMGN,-0.0007593808333333334,-0.0012617400000000001,2023
CSCO_2023_Q2,prior_only_test,CSCO,-0.0031969974999999998,-0.0038577900000000007,2023
DIS_2023_Q2,prior_only_test,DIS,-0.0016146007142857142,-0.0008044899999999999,2023
IBM_2023_Q2,prior_only_test,IBM,-0.0013639784615384612,-0.00022817,2023
NKE_2023_Q2,prior_only_test,NKE,-0.0018512226666666666,-0.00153212,2023
NVDA_2023_Q2,prior_only_test,NVDA,-0.0010403388888888887,-0.00033615,2023
AAPL_2023_Q3,prior_only_test,AAPL,-0.0013014892857142854,-0.00040356,2023
AMZN_2023_Q3,prior_only_test,AMZN,-0.0002511928571428571,-0.0004581,2023
CSCO_2023_Q3,prior_only_test,CSCO,-0.003235867647058823,-0.0007686,2023
DIS_2023_Q3,prior_only_test,DIS,-0.0015605933333333333,-0.00028621,2023
IBM_2023_Q3,prior_only_test,IBM,-0.0012828492857142853,-0.00039187,2023
MSFT_2023_Q3,prior_only_test,MSFT,-7.18723076923077e-05,-2.5499999999999976e-06,2023
NKE_2023_Q3,prior_only_test,NKE,-0.0018312787500000002,-0.0038115600000000003,2023
AAPL_2023_Q4,prior_only_test,AAPL,-0.001241627333333333,-0.00029034000000000004,2023
AMZN_2023_Q4,prior_only_test,AMZN,-0.00026498666666666663,-0.00052129,2023
CSCO_2023_Q4,prior_only_test,CSCO,-0.003098797222222222,-0.0006168300000000001,2023
DIS_2023_Q4,prior_only_test,DIS,-0.0014809443750000001,-0.00081067,2023
IBM_2023_Q4,prior_only_test,IBM,-0.0012234506666666664,-0.0024170100000000003,2023
MSFT_2023_Q4,prior_only_test,MSFT,-6.69207142857143e-05,-7.974e-05,2023
NVDA_2023_Q4,prior_only_test,NVDA,-0.00096992,-0.00631723,2023
AAPL_2024_Q1,prior_only_test,AAPL,-0.001182171875,-0.00067022,2024
AMGN_2024_Q1,prior_only_test,AMGN,-0.0007980238461538462,-0.00096946,2024
AMZN_2024_Q1,prior_only_test,AMZN,-0.00028100562499999997,-0.00020563,2024
CSCO_2024_Q1,prior_only_test,CSCO,-0.0029681673684210526,-0.01064468,2024
DIS_2024_Q1,prior_only_test,DIS,-0.0014415164705882354,-0.0033299600000000003,2024
IBM_2024_Q1,prior_only_test,IBM,-0.001298048125,-0.0017055,2024
MSFT_2024_Q1,prior_only_test,MSFT,-6.777533333333334e-05,-1.174e-05,2024
NKE_2024_Q1,prior_only_test,NKE,-0.0019477658823529415,-0.0003535,2024
NVDA_2024_Q1,prior_only_test,NVDA,-0.0014560390909090907,-0.01920943,2024
AAPL_2024_Q2,prior_only_test,AAPL,-0.0011520570588235293,-0.00210507,2024
AMGN_2024_Q2,prior_only_test,AMGN,-0.0008102692857142859,-0.00021409999999999995,2024
AMZN_2024_Q2,prior_only_test,AMZN,-0.0002765717647058823,-0.00032218,2024
CSCO_2024_Q2,prior_only_test,CSCO,-0.0033519929999999997,-0.0038139999999999997,2024
IBM_2024_Q2,prior_only_test,IBM,-0.001322015882352941,-0.00248249,2024
MSFT_2024_Q2,prior_only_test,MSFT,-6.427312500000001e-05,-0.00026371,2024
NKE_2024_Q2,prior_only_test,NKE,-0.0018591955555555559,-0.00164732,2024
NVDA_2024_Q2,prior_only_test,NVDA,-0.002935488333333333,-0.00707699,2024
AMGN_2024_Q3,prior_only_test,AMGN,-0.0007705246666666667,0.00019386,2024
AMZN_2024_Q3,prior_only_test,AMZN,-0.00027910555555555553,-0.0031052700000000003,2024
CSCO_2024_Q3,prior_only_test,CSCO,-0.0033739933333333328,-0.00289537,2024
IBM_2024_Q3,prior_only_test,IBM,-0.0013864866666666665,-0.00544108,2024
MSFT_2024_Q3,prior_only_test,MSFT,-7.600470588235295e-05,-6.798999999999999e-05,2024
NKE_2024_Q3,prior_only_test,NKE,-0.001848044210526316,-0.0006970899999999999,2024
NVDA_2024_Q3,prior_only_test,NVDA,-0.0032540653846153842,-0.00066217,2024
CSCO_2024_Q4,prior_only_test,CSCO,-0.0033522377272727265,-0.0019335,2024
NVDA_2024_Q4,prior_only_test,NVDA,-0.0030689299999999997,-0.00206003,2024
CSCO_2025_Q1,prior_only_test,CSCO,-0.003290553478260869,-0.00041538,2025
MSFT_2025_Q1,prior_only_test,MSFT,-7.555944444444445e-05,-8.101e-05,2025
NKE_2025_Q1,prior_only_test,NKE,-0.0017904965,-0.00053343,2025
NKE_2025_Q2,prior_only_test,NKE,-0.0017306361904761906,-0.00306539,2025
NVDA_2025_Q2,prior_only_test,NVDA,-0.0030016699999999993,-0.01276156,2025
CSCO_2022_Q1,residual_pre_call_market_only_val,CSCO,-0.0042517150475204135,-0.00494619,2022
DIS_2022_Q1,residual_pre_call_market_only_val,DIS,-0.007391601528505732,-0.00840411,2022
IBM_2022_Q1,residual_pre_call_market_only_val,IBM,-0.0012146233503324373,-0.0009715899999999999,2022
MSFT_2022_Q1,residual_pre_call_market_only_val,MSFT,0.0005934709686418596,-8.542e-05,2022
NKE_2022_Q1,residual_pre_call_market_only_val,NKE,-0.0018021274013759944,-0.00050994,2022
AAPL_2022_Q2,residual_pre_call_market_only_val,AAPL,-0.0007489712219864699,-0.0007026399999999999,2022
AMGN_2022_Q2,residual_pre_call_market_only_val,AMGN,-0.0001270307771729692,-2.2879999999999998e-05,2022
AMZN_2022_Q2,residual_pre_call_market_only_val,AMZN,0.0006606768731165569,-0.00019901,2022
DIS_2022_Q2,residual_pre_call_market_only_val,DIS,-0.0015802933410178166,-0.00085869,2022
MSFT_2022_Q2,residual_pre_call_market_only_val,MSFT,0.0006075106760389931,2.1859999999999984e-05,2022
NKE_2022_Q2,residual_pre_call_market_only_val,NKE,-0.0020685840264698966,-0.00114921,2022
AAPL_2022_Q3,residual_pre_call_market_only_val,AAPL,-0.00035204861837641647,-0.00040280000000000003,2022
AMZN_2022_Q3,residual_pre_call_market_only_val,AMZN,-0.0005070616938720709,-0.0017514899999999999,2022
CSCO_2022_Q3,residual_pre_call_market_only_val,CSCO,-0.020539968921328405,-0.02351422,2022
DIS_2022_Q3,residual_pre_call_market_only_val,DIS,-0.002174425338000609,-0.00174311,2022
NKE_2022_Q3,residual_pre_call_market_only_val,NKE,-0.002560588339679163,-0.00187298,2022
AAPL_2022_Q4,residual_pre_call_market_only_val,AAPL,5.299804088975757e-05,-0.00023414000000000003,2022
AMZN_2022_Q4,residual_pre_call_market_only_val,AMZN,0.00023063366094042484,-0.00036872,2022
CSCO_2022_Q4,residual_pre_call_market_only_val,CSCO,-0.0037119378154380368,-0.00187935,2022
IBM_2022_Q4,residual_pre_call_market_only_val,IBM,-0.0012427493870290024,-0.0011752,2022
MSFT_2022_Q4,residual_pre_call_market_only_val,MSFT,0.0006135400417563567,-5.9319999999999994e-05,2022
NKE_2022_Q4,residual_pre_call_market_only_val,NKE,-0.0015344684628843587,-0.00046361000000000004,2022
NVDA_2022_Q4,residual_pre_call_market_only_val,NVDA,0.00030654309061515237,-0.00021324,2022
AAPL_2023_Q1,residual_pre_call_market_only_test,AAPL,-0.002076351825321642,-0.00259178,2023
AMGN_2023_Q1,residual_pre_call_market_only_test,AMGN,-0.00031656590878614116,-0.00050053,2023
AMZN_2023_Q1,residual_pre_call_market_only_test,AMZN,0.000529436762200123,9.485e-05,2023
CSCO_2023_Q1,residual_pre_call_market_only_test,CSCO,-0.003735097708272335,-0.00214506,2023
DIS_2023_Q1,residual_pre_call_market_only_test,DIS,-0.0010362819950616238,-0.00041479000000000006,2023
IBM_2023_Q1,residual_pre_call_market_only_test,IBM,-0.001984993161590627,-0.00243218,2023
MSFT_2023_Q1,residual_pre_call_market_only_test,MSFT,0.0006254089349274033,-1.2099999999999996e-05,2023
NKE_2023_Q1,residual_pre_call_market_only_test,NKE,-0.0022898483751252444,-0.0017457800000000002,2023
NVDA_2023_Q1,residual_pre_call_market_only_test,NVDA,-0.0051935566538957815,-0.00705162,2023
AMGN_2023_Q2,residual_pre_call_market_only_test,AMGN,-0.000688860727249849,-0.0012617400000000001,2023
CSCO_2023_Q2,residual_pre_call_market_only_test,CSCO,-0.0057019368619202525,-0.0038577900000000007,2023
DIS_2023_Q2,residual_pre_call_market_only_test,DIS,-0.0012857223894417534,-0.0008044899999999999,2023
IBM_2023_Q2,residual_pre_call_market_only_test,IBM,-0.0007581053918807084,-0.00022817,2023
NKE_2023_Q2,residual_pre_call_market_only_test,NKE,-0.002134635902885808,-0.00153212,2023
NVDA_2023_Q2,residual_pre_call_market_only_test,NVDA,-0.00038429864930730544,-0.00033615,2023
AAPL_2023_Q3,residual_pre_call_market_only_test,AAPL,-0.0004676270228306567,-0.00040356,2023
AMZN_2023_Q3,residual_pre_call_market_only_test,AMZN,0.00036881577377331575,-0.0004581,2023
CSCO_2023_Q3,residual_pre_call_market_only_test,CSCO,-0.0025577287140836295,-0.0007686,2023
DIS_2023_Q3,residual_pre_call_market_only_test,DIS,-0.0008444094327253132,-0.00028621,2023
IBM_2023_Q3,residual_pre_call_market_only_test,IBM,-0.0007708031747031734,-0.00039187,2023
MSFT_2023_Q3,residual_pre_call_market_only_test,MSFT,0.0006489568271905484,-2.5499999999999976e-06,2023
NKE_2023_Q3,residual_pre_call_market_only_test,NKE,-0.003949932232301938,-0.0038115600000000003,2023
AAPL_2023_Q4,residual_pre_call_market_only_test,AAPL,-0.00015644246164714382,-0.00029034000000000004,2023
AMZN_2023_Q4,residual_pre_call_market_only_test,AMZN,0.0002683878271945676,-0.00052129,2023
CSCO_2023_Q4,residual_pre_call_market_only_test,CSCO,-0.002500445827717932,-0.0006168300000000001,2023
DIS_2023_Q4,residual_pre_call_market_only_test,DIS,-0.0010506786940478047,-0.00081067,2023
IBM_2023_Q4,residual_pre_call_market_only_test,IBM,-0.0021292453073128146,-0.0024170100000000003,2023
MSFT_2023_Q4,residual_pre_call_market_only_test,MSFT,0.0006181168662408073,-7.974e-05,2023
NVDA_2023_Q4,residual_pre_call_market_only_test,NVDA,-0.005525921711191279,-0.00631723,2023
AAPL_2024_Q1,residual_pre_call_market_only_test,AAPL,-0.0005278717277332386,-0.00067022,2024
AMGN_2024_Q1,residual_pre_call_market_only_test,AMGN,-0.0004508455494423703,-0.00096946,2024
AMZN_2024_Q1,residual_pre_call_market_only_test,AMZN,0.0003871648523276215,-0.00020563,2024
CSCO_2024_Q1,residual_pre_call_market_only_test,CSCO,-0.010996484275331878,-0.01064468,2024
DIS_2024_Q1,residual_pre_call_market_only_test,DIS,-0.0032084697047104916,-0.0033299600000000003,2024
IBM_2024_Q1,residual_pre_call_market_only_test,IBM,-0.001584235017172439,-0.0017055,2024
MSFT_2024_Q1,residual_pre_call_market_only_test,MSFT,0.0006397004605906396,-1.174e-05,2024
NKE_2024_Q1,residual_pre_call_market_only_test,NKE,-0.0014410130610484912,-0.0003535,2024
NVDA_2024_Q1,residual_pre_call_market_only_test,NVDA,-0.01821467101652753,-0.01920943,2024
AAPL_2024_Q2,residual_pre_call_market_only_test,AAPL,-0.0013663135370512508,-0.00210507,2024
AMGN_2024_Q2,residual_pre_call_market_only_test,AMGN,-0.00044699037600903134,-0.00021409999999999995,2024
AMZN_2024_Q2,residual_pre_call_market_only_test,AMZN,0.00025446140684274595,-0.00032218,2024
CSCO_2024_Q2,residual_pre_call_market_only_test,CSCO,-0.0052965148974496645,-0.0038139999999999997,2024
IBM_2024_Q2,residual_pre_call_market_only_test,IBM,-0.002237493752012456,-0.00248249,2024
MSFT_2024_Q2,residual_pre_call_market_only_test,MSFT,0.0004672221904346765,-0.00026371,2024
NKE_2024_Q2,residual_pre_call_market_only_test,NKE,-0.002352516767286647,-0.00164732,2024
NVDA_2024_Q2,residual_pre_call_market_only_test,NVDA,-0.008402806062760736,-0.00707699,2024
AMGN_2024_Q3,residual_pre_call_market_only_test,AMGN,-7.17790030453628e-05,0.00019386,2024
AMZN_2024_Q3,residual_pre_call_market_only_test,AMZN,-0.0017697093095482167,-0.0031052700000000003,2024
CSCO_2024_Q3,residual_pre_call_market_only_test,CSCO,-0.0046334913909241195,-0.00289537,2024
IBM_2024_Q3,residual_pre_call_market_only_test,IBM,-0.004063554359242201,-0.00544108,2024
MSFT_2024_Q3,residual_pre_call_market_only_test,MSFT,0.0006054750091481259,-6.798999999999999e-05,2024
NKE_2024_Q3,residual_pre_call_market_only_test,NKE,-0.0015275037940868628,-0.0006970899999999999,2024
NVDA_2024_Q3,residual_pre_call_market_only_test,NVDA,-0.0028218962073443842,-0.00066217,2024
CSCO_2024_Q4,residual_pre_call_market_only_test,CSCO,-0.003743041721105238,-0.0019335,2024
NVDA_2024_Q4,residual_pre_call_market_only_test,NVDA,-0.0037521170108807743,-0.00206003,2024
CSCO_2025_Q1,residual_pre_call_market_only_test,CSCO,-0.0023268252865892673,-0.00041538,2025
MSFT_2025_Q1,residual_pre_call_market_only_test,MSFT,0.0005929125157451575,-8.101e-05,2025
NKE_2025_Q1,residual_pre_call_market_only_test,NKE,-0.0013108270823856687,-0.00053343,2025
NKE_2025_Q2,residual_pre_call_market_only_test,NKE,-0.0034243845942685852,-0.00306539,2025
NVDA_2025_Q2,residual_pre_call_market_only_test,NVDA,-0.012347915390995579,-0.01276156,2025
CSCO_2022_Q1,residual_pre_call_market_plus_controls_val,CSCO,-0.0043114694269834756,-0.00494619,2022
DIS_2022_Q1,residual_pre_call_market_plus_controls_val,DIS,-0.007756292464186541,-0.00840411,2022
IBM_2022_Q1,residual_pre_call_market_plus_controls_val,IBM,-0.000925111053344602,-0.0009715899999999999,2022
MSFT_2022_Q1,residual_pre_call_market_plus_controls_val,MSFT,0.0003731828301568467,-8.542e-05,2022
NKE_2022_Q1,residual_pre_call_market_plus_controls_val,NKE,-0.0014539256396238812,-0.00050994,2022
AAPL_2022_Q2,residual_pre_call_market_plus_controls_val,AAPL,-0.0010025969148887634,-0.0007026399999999999,2022
AMGN_2022_Q2,residual_pre_call_market_plus_controls_val,AMGN,-5.800115312293611e-05,-2.2879999999999998e-05,2022
AMZN_2022_Q2,residual_pre_call_market_plus_controls_val,AMZN,0.00017359592148860362,-0.00019901,2022
DIS_2022_Q2,residual_pre_call_market_plus_controls_val,DIS,-0.0015453242413209743,-0.00085869,2022
MSFT_2022_Q2,residual_pre_call_market_plus_controls_val,MSFT,0.0005254973420457771,2.1859999999999984e-05,2022
NKE_2022_Q2,residual_pre_call_market_plus_controls_val,NKE,-0.0019667999075572216,-0.00114921,2022
AAPL_2022_Q3,residual_pre_call_market_plus_controls_val,AAPL,-0.0005055374949152583,-0.00040280000000000003,2022
AMZN_2022_Q3,residual_pre_call_market_plus_controls_val,AMZN,-0.0020322388125579645,-0.0017514899999999999,2022
CSCO_2022_Q3,residual_pre_call_market_plus_controls_val,CSCO,-0.021776100706943028,-0.02351422,2022
DIS_2022_Q3,residual_pre_call_market_plus_controls_val,DIS,-0.002270903522839549,-0.00174311,2022
NKE_2022_Q3,residual_pre_call_market_plus_controls_val,NKE,-0.0025212503639588228,-0.00187298,2022
AAPL_2022_Q4,residual_pre_call_market_plus_controls_val,AAPL,-0.000574622467836496,-0.00023414000000000003,2022
AMZN_2022_Q4,residual_pre_call_market_plus_controls_val,AMZN,-0.0001928868324825246,-0.00036872,2022
CSCO_2022_Q4,residual_pre_call_market_plus_controls_val,CSCO,-0.0034231477174596165,-0.00187935,2022
IBM_2022_Q4,residual_pre_call_market_plus_controls_val,IBM,-0.0009242488648857832,-0.0011752,2022
MSFT_2022_Q4,residual_pre_call_market_plus_controls_val,MSFT,0.00040024809190856113,-5.9319999999999994e-05,2022
NKE_2022_Q4,residual_pre_call_market_plus_controls_val,NKE,-0.001276622658369292,-0.00046361000000000004,2022
NVDA_2022_Q4,residual_pre_call_market_plus_controls_val,NVDA,0.00012312638893926153,-0.00021324,2022
AAPL_2023_Q1,residual_pre_call_market_plus_controls_test,AAPL,-0.0026312134145256953,-0.00259178,2023
AMGN_2023_Q1,residual_pre_call_market_plus_controls_test,AMGN,0.0004054138787516117,-0.00050053,2023
AMZN_2023_Q1,residual_pre_call_market_plus_controls_test,AMZN,-0.0005427832020132772,9.485e-05,2023
CSCO_2023_Q1,residual_pre_call_market_plus_controls_test,CSCO,-0.0035298798909530944,-0.00214506,2023
DIS_2023_Q1,residual_pre_call_market_plus_controls_test,DIS,-0.0009947164046183578,-0.00041479000000000006,2023
IBM_2023_Q1,residual_pre_call_market_plus_controls_test,IBM,-0.002004858624702797,-0.00243218,2023
MSFT_2023_Q1,residual_pre_call_market_plus_controls_test,MSFT,0.0002462913414941915,-1.2099999999999996e-05,2023
NKE_2023_Q1,residual_pre_call_market_plus_controls_test,NKE,-0.002429049934936976,-0.0017457800000000002,2023
NVDA_2023_Q1,residual_pre_call_market_plus_controls_test,NVDA,-0.005584054498369543,-0.00705162,2023
AMGN_2023_Q2,residual_pre_call_market_plus_controls_test,AMGN,9.383341265849839e-05,-0.0012617400000000001,2023
CSCO_2023_Q2,residual_pre_call_market_plus_controls_test,CSCO,-0.0055194313383313195,-0.0038577900000000007,2023
DIS_2023_Q2,residual_pre_call_market_plus_controls_test,DIS,-0.0012439421076158971,-0.0008044899999999999,2023
IBM_2023_Q2,residual_pre_call_market_plus_controls_test,IBM,-0.0003155868512313394,-0.00022817,2023
NKE_2023_Q2,residual_pre_call_market_plus_controls_test,NKE,-0.0021602635199908394,-0.00153212,2023
NVDA_2023_Q2,residual_pre_call_market_plus_controls_test,NVDA,-3.0185181394709864e-05,-0.00033615,2023
AAPL_2023_Q3,residual_pre_call_market_plus_controls_test,AAPL,-0.000490952591906527,-0.00040356,2023
AMZN_2023_Q3,residual_pre_call_market_plus_controls_test,AMZN,-0.0006735807346947831,-0.0004581,2023
CSCO_2023_Q3,residual_pre_call_market_plus_controls_test,CSCO,-0.0024807311184911543,-0.0007686,2023
DIS_2023_Q3,residual_pre_call_market_plus_controls_test,DIS,-0.0003020956532594323,-0.00028621,2023
IBM_2023_Q3,residual_pre_call_market_plus_controls_test,IBM,-0.0003319255795722543,-0.00039187,2023
MSFT_2023_Q3,residual_pre_call_market_plus_controls_test,MSFT,0.0002860011417814641,-2.5499999999999976e-06,2023
NKE_2023_Q3,residual_pre_call_market_plus_controls_test,NKE,-0.004023833068764383,-0.0038115600000000003,2023
AAPL_2023_Q4,residual_pre_call_market_plus_controls_test,AAPL,-0.0005157980130994973,-0.00029034000000000004,2023
AMZN_2023_Q4,residual_pre_call_market_plus_controls_test,AMZN,-0.0008075104521844216,-0.00052129,2023
CSCO_2023_Q4,residual_pre_call_market_plus_controls_test,CSCO,-0.002066127083324829,-0.0006168300000000001,2023
DIS_2023_Q4,residual_pre_call_market_plus_controls_test,DIS,-0.0011538913354902196,-0.00081067,2023
IBM_2023_Q4,residual_pre_call_market_plus_controls_test,IBM,-0.0019652356302330247,-0.0024170100000000003,2023
MSFT_2023_Q4,residual_pre_call_market_plus_controls_test,MSFT,0.00016113711604306258,-7.974e-05,2023
NVDA_2023_Q4,residual_pre_call_market_plus_controls_test,NVDA,-0.005760673693443784,-0.00631723,2023
AAPL_2024_Q1,residual_pre_call_market_plus_controls_test,AAPL,-0.0006461907028016754,-0.00067022,2024
AMGN_2024_Q1,residual_pre_call_market_plus_controls_test,AMGN,4.5430257032467634e-05,-0.00096946,2024
AMZN_2024_Q1,residual_pre_call_market_plus_controls_test,AMZN,-0.0004737176821134764,-0.00020563,2024
CSCO_2024_Q1,residual_pre_call_market_plus_controls_test,CSCO,-0.011543088057529858,-0.01064468,2024
DIS_2024_Q1,residual_pre_call_market_plus_controls_test,DIS,-0.0036960288952988846,-0.0033299600000000003,2024
IBM_2024_Q1,residual_pre_call_market_plus_controls_test,IBM,-0.0013689559460347079,-0.0017055,2024
MSFT_2024_Q1,residual_pre_call_market_plus_controls_test,MSFT,0.00011613744783624663,-1.174e-05,2024
NKE_2024_Q1,residual_pre_call_market_plus_controls_test,NKE,-0.0011938301655850915,-0.0003535,2024
NVDA_2024_Q1,residual_pre_call_market_plus_controls_test,NVDA,-0.01895071494144726,-0.01920943,2024
AAPL_2024_Q2,residual_pre_call_market_plus_controls_test,AAPL,-0.002001558720172979,-0.00210507,2024
AMGN_2024_Q2,residual_pre_call_market_plus_controls_test,AMGN,0.00026665836707525715,-0.00021409999999999995,2024
AMZN_2024_Q2,residual_pre_call_market_plus_controls_test,AMZN,-0.000503308043353932,-0.00032218,2024
CSCO_2024_Q2,residual_pre_call_market_plus_controls_test,CSCO,-0.005341822971519824,-0.0038139999999999997,2024
IBM_2024_Q2,residual_pre_call_market_plus_controls_test,IBM,-0.0021098517703234234,-0.00248249,2024
MSFT_2024_Q2,residual_pre_call_market_plus_controls_test,MSFT,5.046408470645844e-05,-0.00026371,2024
NKE_2024_Q2,residual_pre_call_market_plus_controls_test,NKE,-0.0023721647505016846,-0.00164732,2024
NVDA_2024_Q2,residual_pre_call_market_plus_controls_test,NVDA,-0.008563002973810182,-0.00707699,2024
AMGN_2024_Q3,residual_pre_call_market_plus_controls_test,AMGN,0.0006259161984942153,0.00019386,2024
AMZN_2024_Q3,residual_pre_call_market_plus_controls_test,AMZN,-0.0031277676206274718,-0.0031052700000000003,2024
CSCO_2024_Q3,residual_pre_call_market_plus_controls_test,CSCO,-0.0045008899240945545,-0.00289537,2024
IBM_2024_Q3,residual_pre_call_market_plus_controls_test,IBM,-0.0042985063374766114,-0.00544108,2024
MSFT_2024_Q3,residual_pre_call_market_plus_controls_test,MSFT,0.00022987212517389924,-6.798999999999999e-05,2024
NKE_2024_Q3,residual_pre_call_market_plus_controls_test,NKE,-0.0014700194975302997,-0.0006970899999999999,2024
NVDA_2024_Q3,residual_pre_call_market_plus_controls_test,NVDA,-0.0025893998254769564,-0.00066217,2024
CSCO_2024_Q4,residual_pre_call_market_plus_controls_test,CSCO,-0.003551196808748349,-0.0019335,2024
NVDA_2024_Q4,residual_pre_call_market_plus_controls_test,NVDA,-0.0038714027928639285,-0.00206003,2024
CSCO_2025_Q1,residual_pre_call_market_plus_controls_test,CSCO,-0.002195571238769227,-0.00041538,2025
MSFT_2025_Q1,residual_pre_call_market_plus_controls_test,MSFT,0.00035876664115430483,-8.101e-05,2025
NKE_2025_Q1,residual_pre_call_market_plus_controls_test,NKE,-0.0016202672215208439,-0.00053343,2025
NKE_2025_Q2,residual_pre_call_market_plus_controls_test,NKE,-0.004599075631210974,-0.00306539,2025
NVDA_2025_Q2,residual_pre_call_market_plus_controls_test,NVDA,-0.015376571894613288,-0.01276156,2025
CSCO_2022_Q1,residual_pre_call_market_plus_a4_val,CSCO,-0.004588839075802832,-0.00494619,2022
DIS_2022_Q1,residual_pre_call_market_plus_a4_val,DIS,-0.008717731903986586,-0.00840411,2022
IBM_2022_Q1,residual_pre_call_market_plus_a4_val,IBM,-0.0008792029381494476,-0.0009715899999999999,2022
MSFT_2022_Q1,residual_pre_call_market_plus_a4_val,MSFT,0.0007713598267874473,-8.542e-05,2022
NKE_2022_Q1,residual_pre_call_market_plus_a4_val,NKE,-0.0014329091778687594,-0.00050994,2022
AAPL_2022_Q2,residual_pre_call_market_plus_a4_val,AAPL,-0.00029861035477913005,-0.0007026399999999999,2022
AMGN_2022_Q2,residual_pre_call_market_plus_a4_val,AMGN,-0.0006301217468498381,-2.2879999999999998e-05,2022
AMZN_2022_Q2,residual_pre_call_market_plus_a4_val,AMZN,0.0007507680141098023,-0.00019901,2022
DIS_2022_Q2,residual_pre_call_market_plus_a4_val,DIS,-0.0016365652156412798,-0.00085869,2022
MSFT_2022_Q2,residual_pre_call_market_plus_a4_val,MSFT,-0.0008157419275321844,2.1859999999999984e-05,2022
NKE_2022_Q2,residual_pre_call_market_plus_a4_val,NKE,-0.0019555880455213114,-0.00114921,2022
AAPL_2022_Q3,residual_pre_call_market_plus_a4_val,AAPL,2.1336570070549198e-05,-0.00040280000000000003,2022
AMZN_2022_Q3,residual_pre_call_market_plus_a4_val,AMZN,-0.0014176477897562792,-0.0017514899999999999,2022
CSCO_2022_Q3,residual_pre_call_market_plus_a4_val,CSCO,-0.022955214279499016,-0.02351422,2022
DIS_2022_Q3,residual_pre_call_market_plus_a4_val,DIS,-0.0021885272778818894,-0.00174311,2022
NKE_2022_Q3,residual_pre_call_market_plus_a4_val,NKE,-0.002618154168621412,-0.00187298,2022
AAPL_2022_Q4,residual_pre_call_market_plus_a4_val,AAPL,0.00048128947044024013,-0.00023414000000000003,2022
AMZN_2022_Q4,residual_pre_call_market_plus_a4_val,AMZN,-0.00018568493605464407,-0.00036872,2022
CSCO_2022_Q4,residual_pre_call_market_plus_a4_val,CSCO,-0.003530865618049239,-0.00187935,2022
IBM_2022_Q4,residual_pre_call_market_plus_a4_val,IBM,-0.0010562763814825045,-0.0011752,2022
MSFT_2022_Q4,residual_pre_call_market_plus_a4_val,MSFT,0.0007770468101812456,-5.9319999999999994e-05,2022
NKE_2022_Q4,residual_pre_call_market_plus_a4_val,NKE,-0.0008422826125892779,-0.00046361000000000004,2022
NVDA_2022_Q4,residual_pre_call_market_plus_a4_val,NVDA,-0.00036037568296880794,-0.00021324,2022
AAPL_2023_Q1,residual_pre_call_market_plus_a4_test,AAPL,-0.0018943393422308763,-0.00259178,2023
AMGN_2023_Q1,residual_pre_call_market_plus_a4_test,AMGN,-0.0004206044185104751,-0.00050053,2023
AMZN_2023_Q1,residual_pre_call_market_plus_a4_test,AMZN,0.00047383512415748234,9.485e-05,2023
CSCO_2023_Q1,residual_pre_call_market_plus_a4_test,CSCO,-0.003847032104657067,-0.00214506,2023
DIS_2023_Q1,residual_pre_call_market_plus_a4_test,DIS,-0.0007367753734999774,-0.00041479000000000006,2023
IBM_2023_Q1,residual_pre_call_market_plus_a4_test,IBM,-0.001709283706196521,-0.00243218,2023
MSFT_2023_Q1,residual_pre_call_market_plus_a4_test,MSFT,0.0009082102797536831,-1.2099999999999996e-05,2023
NKE_2023_Q1,residual_pre_call_market_plus_a4_test,NKE,-0.0020636687623055566,-0.0017457800000000002,2023
NVDA_2023_Q1,residual_pre_call_market_plus_a4_test,NVDA,-0.006164458752414009,-0.00705162,2023
AMGN_2023_Q2,residual_pre_call_market_plus_a4_test,AMGN,-0.0009199453016612304,-0.0012617400000000001,2023
CSCO_2023_Q2,residual_pre_call_market_plus_a4_test,CSCO,-0.006022282207883635,-0.0038577900000000007,2023
DIS_2023_Q2,residual_pre_call_market_plus_a4_test,DIS,-0.001191424089709347,-0.0008044899999999999,2023
IBM_2023_Q2,residual_pre_call_market_plus_a4_test,IBM,-0.00019886370584951325,-0.00022817,2023
NKE_2023_Q2,residual_pre_call_market_plus_a4_test,NKE,-0.001557141705546416,-0.00153212,2023
NVDA_2023_Q2,residual_pre_call_market_plus_a4_test,NVDA,-0.0002265835078717254,-0.00033615,2023
AAPL_2023_Q3,residual_pre_call_market_plus_a4_test,AAPL,-9.53882481266146e-05,-0.00040356,2023
AMZN_2023_Q3,residual_pre_call_market_plus_a4_test,AMZN,0.00012875763309475258,-0.0004581,2023
CSCO_2023_Q3,residual_pre_call_market_plus_a4_test,CSCO,-0.0026275701107438872,-0.0007686,2023
DIS_2023_Q3,residual_pre_call_market_plus_a4_test,DIS,-0.00024618301146853367,-0.00028621,2023
IBM_2023_Q3,residual_pre_call_market_plus_a4_test,IBM,-0.0005769740425928462,-0.00039187,2023
MSFT_2023_Q3,residual_pre_call_market_plus_a4_test,MSFT,0.0006428454736370702,-2.5499999999999976e-06,2023
NKE_2023_Q3,residual_pre_call_market_plus_a4_test,NKE,-0.003909531739072075,-0.0038115600000000003,2023
AAPL_2023_Q4,residual_pre_call_market_plus_a4_test,AAPL,1.1794499065825208e-05,-0.00029034000000000004,2023
AMZN_2023_Q4,residual_pre_call_market_plus_a4_test,AMZN,0.00024328449144481564,-0.00052129,2023
CSCO_2023_Q4,residual_pre_call_market_plus_a4_test,CSCO,-0.002518060640460996,-0.0006168300000000001,2023
DIS_2023_Q4,residual_pre_call_market_plus_a4_test,DIS,-0.0008790267820858769,-0.00081067,2023
IBM_2023_Q4,residual_pre_call_market_plus_a4_test,IBM,-0.002035580355691716,-0.0024170100000000003,2023
MSFT_2023_Q4,residual_pre_call_market_plus_a4_test,MSFT,0.0006719278603328645,-7.974e-05,2023
NVDA_2023_Q4,residual_pre_call_market_plus_a4_test,NVDA,-0.006550461855472762,-0.00631723,2023
AAPL_2024_Q1,residual_pre_call_market_plus_a4_test,AAPL,5.850911471294638e-05,-0.00067022,2024
AMGN_2024_Q1,residual_pre_call_market_plus_a4_test,AMGN,-0.0010745920451185075,-0.00096946,2024
AMZN_2024_Q1,residual_pre_call_market_plus_a4_test,AMZN,0.0007481550159005094,-0.00020563,2024
CSCO_2024_Q1,residual_pre_call_market_plus_a4_test,CSCO,-0.012409937389821126,-0.01064468,2024
DIS_2024_Q1,residual_pre_call_market_plus_a4_test,DIS,-0.003191939005528514,-0.0033299600000000003,2024
IBM_2024_Q1,residual_pre_call_market_plus_a4_test,IBM,-0.0014751970097393095,-0.0017055,2024
MSFT_2024_Q1,residual_pre_call_market_plus_a4_test,MSFT,0.0009280107172277201,-1.174e-05,2024
NKE_2024_Q1,residual_pre_call_market_plus_a4_test,NKE,-0.0013601780378449096,-0.0003535,2024
NVDA_2024_Q1,residual_pre_call_market_plus_a4_test,NVDA,-0.02038862838793886,-0.01920943,2024
AAPL_2024_Q2,residual_pre_call_market_plus_a4_test,AAPL,-0.0004339491128554383,-0.00210507,2024
AMGN_2024_Q2,residual_pre_call_market_plus_a4_test,AMGN,-0.0006499824349213298,-0.00021409999999999995,2024
AMZN_2024_Q2,residual_pre_call_market_plus_a4_test,AMZN,0.0007141517872079673,-0.00032218,2024
CSCO_2024_Q2,residual_pre_call_market_plus_a4_test,CSCO,-0.00530484470443967,-0.0038139999999999997,2024
IBM_2024_Q2,residual_pre_call_market_plus_a4_test,IBM,-0.0021122488785976445,-0.00248249,2024
MSFT_2024_Q2,residual_pre_call_market_plus_a4_test,MSFT,0.0003285489268996576,-0.00026371,2024
NKE_2024_Q2,residual_pre_call_market_plus_a4_test,NKE,-0.0016483684882762505,-0.00164732,2024
NVDA_2024_Q2,residual_pre_call_market_plus_a4_test,NVDA,-0.009135402337077856,-0.00707699,2024
AMGN_2024_Q3,residual_pre_call_market_plus_a4_test,AMGN,-0.00035842181203090404,0.00019386,2024
AMZN_2024_Q3,residual_pre_call_market_plus_a4_test,AMZN,-0.0019614551125853273,-0.0031052700000000003,2024
CSCO_2024_Q3,residual_pre_call_market_plus_a4_test,CSCO,-0.0051315517248062175,-0.00289537,2024
IBM_2024_Q3,residual_pre_call_market_plus_a4_test,IBM,-0.004667253777209514,-0.00544108,2024
MSFT_2024_Q3,residual_pre_call_market_plus_a4_test,MSFT,0.000715759918532955,-6.798999999999999e-05,2024
NKE_2024_Q3,residual_pre_call_market_plus_a4_test,NKE,-0.0009650396909210214,-0.0006970899999999999,2024
NVDA_2024_Q3,residual_pre_call_market_plus_a4_test,NVDA,-0.0030114724164213794,-0.00066217,2024
CSCO_2024_Q4,residual_pre_call_market_plus_a4_test,CSCO,-0.004135332987249385,-0.0019335,2024
NVDA_2024_Q4,residual_pre_call_market_plus_a4_test,NVDA,-0.004031932039690803,-0.00206003,2024
CSCO_2025_Q1,residual_pre_call_market_plus_a4_test,CSCO,-0.001996283787095183,-0.00041538,2025
MSFT_2025_Q1,residual_pre_call_market_plus_a4_test,MSFT,0.0011690309311409542,-8.101e-05,2025
NKE_2025_Q1,residual_pre_call_market_plus_a4_test,NKE,-0.0003183598848984367,-0.00053343,2025
NKE_2025_Q2,residual_pre_call_market_plus_a4_test,NKE,-0.0035786828074386174,-0.00306539,2025
NVDA_2025_Q2,residual_pre_call_market_plus_a4_test,NVDA,-0.013609201509627956,-0.01276156,2025
CSCO_2022_Q1,residual_pre_call_market_plus_a4_plus_qna_lsa_val,CSCO,-0.004705390891675357,-0.00494619,2022
DIS_2022_Q1,residual_pre_call_market_plus_a4_plus_qna_lsa_val,DIS,-0.00836428000733279,-0.00840411,2022
IBM_2022_Q1,residual_pre_call_market_plus_a4_plus_qna_lsa_val,IBM,-0.0007905875179032426,-0.0009715899999999999,2022
MSFT_2022_Q1,residual_pre_call_market_plus_a4_plus_qna_lsa_val,MSFT,0.0003227333011472125,-8.542e-05,2022
NKE_2022_Q1,residual_pre_call_market_plus_a4_plus_qna_lsa_val,NKE,-0.0012457317701856938,-0.00050994,2022
AAPL_2022_Q2,residual_pre_call_market_plus_a4_plus_qna_lsa_val,AAPL,-0.00039690972524939285,-0.0007026399999999999,2022
AMGN_2022_Q2,residual_pre_call_market_plus_a4_plus_qna_lsa_val,AMGN,-0.0004074863211907022,-2.2879999999999998e-05,2022
AMZN_2022_Q2,residual_pre_call_market_plus_a4_plus_qna_lsa_val,AMZN,0.0005143827319956119,-0.00019901,2022
DIS_2022_Q2,residual_pre_call_market_plus_a4_plus_qna_lsa_val,DIS,-0.001422432216162293,-0.00085869,2022
MSFT_2022_Q2,residual_pre_call_market_plus_a4_plus_qna_lsa_val,MSFT,-0.0008520508555807355,2.1859999999999984e-05,2022
NKE_2022_Q2,residual_pre_call_market_plus_a4_plus_qna_lsa_val,NKE,-0.001746328773193932,-0.00114921,2022
AAPL_2022_Q3,residual_pre_call_market_plus_a4_plus_qna_lsa_val,AAPL,-8.191672336129905e-05,-0.00040280000000000003,2022
AMZN_2022_Q3,residual_pre_call_market_plus_a4_plus_qna_lsa_val,AMZN,-0.0012786913442638858,-0.0017514899999999999,2022
CSCO_2022_Q3,residual_pre_call_market_plus_a4_plus_qna_lsa_val,CSCO,-0.02284579541661721,-0.02351422,2022
DIS_2022_Q3,residual_pre_call_market_plus_a4_plus_qna_lsa_val,DIS,-0.0022381751878389512,-0.00174311,2022
NKE_2022_Q3,residual_pre_call_market_plus_a4_plus_qna_lsa_val,NKE,-0.0023251464290563895,-0.00187298,2022
AAPL_2022_Q4,residual_pre_call_market_plus_a4_plus_qna_lsa_val,AAPL,0.00027723111942586694,-0.00023414000000000003,2022
AMZN_2022_Q4,residual_pre_call_market_plus_a4_plus_qna_lsa_val,AMZN,-3.260273498669863e-05,-0.00036872,2022
CSCO_2022_Q4,residual_pre_call_market_plus_a4_plus_qna_lsa_val,CSCO,-0.0038335570342269893,-0.00187935,2022
IBM_2022_Q4,residual_pre_call_market_plus_a4_plus_qna_lsa_val,IBM,-0.000978612476760459,-0.0011752,2022
MSFT_2022_Q4,residual_pre_call_market_plus_a4_plus_qna_lsa_val,MSFT,0.0005423968948824682,-5.9319999999999994e-05,2022
NKE_2022_Q4,residual_pre_call_market_plus_a4_plus_qna_lsa_val,NKE,-0.0006059828706483704,-0.00046361000000000004,2022
NVDA_2022_Q4,residual_pre_call_market_plus_a4_plus_qna_lsa_val,NVDA,-0.0004361370755230874,-0.00021324,2022
AAPL_2023_Q1,residual_pre_call_market_plus_a4_plus_qna_lsa_test,AAPL,-0.002083911980366519,-0.00259178,2023
AMGN_2023_Q1,residual_pre_call_market_plus_a4_plus_qna_lsa_test,AMGN,-0.0003772631559973459,-0.00050053,2023
AMZN_2023_Q1,residual_pre_call_market_plus_a4_plus_qna_lsa_test,AMZN,0.00017019222987660918,9.485e-05,2023
CSCO_2023_Q1,residual_pre_call_market_plus_a4_plus_qna_lsa_test,CSCO,-0.004022926385307641,-0.00214506,2023
DIS_2023_Q1,residual_pre_call_market_plus_a4_plus_qna_lsa_test,DIS,-0.0007491405454951817,-0.00041479000000000006,2023
IBM_2023_Q1,residual_pre_call_market_plus_a4_plus_qna_lsa_test,IBM,-0.0020524010674665425,-0.00243218,2023
MSFT_2023_Q1,residual_pre_call_market_plus_a4_plus_qna_lsa_test,MSFT,0.0006120263259856336,-1.2099999999999996e-05,2023
NKE_2023_Q1,residual_pre_call_market_plus_a4_plus_qna_lsa_test,NKE,-0.001675241767209096,-0.0017457800000000002,2023
NVDA_2023_Q1,residual_pre_call_market_plus_a4_plus_qna_lsa_test,NVDA,-0.006548177382015397,-0.00705162,2023
AMGN_2023_Q2,residual_pre_call_market_plus_a4_plus_qna_lsa_test,AMGN,-0.0010542397503323737,-0.0012617400000000001,2023
CSCO_2023_Q2,residual_pre_call_market_plus_a4_plus_qna_lsa_test,CSCO,-0.006280371129004401,-0.0038577900000000007,2023
DIS_2023_Q2,residual_pre_call_market_plus_a4_plus_qna_lsa_test,DIS,-0.001198543961666498,-0.0008044899999999999,2023
IBM_2023_Q2,residual_pre_call_market_plus_a4_plus_qna_lsa_test,IBM,-0.0001429414968818622,-0.00022817,2023
NKE_2023_Q2,residual_pre_call_market_plus_a4_plus_qna_lsa_test,NKE,-0.0013905106300927288,-0.00153212,2023
NVDA_2023_Q2,residual_pre_call_market_plus_a4_plus_qna_lsa_test,NVDA,-0.0005533096624761654,-0.00033615,2023
AAPL_2023_Q3,residual_pre_call_market_plus_a4_plus_qna_lsa_test,AAPL,-0.00011154423161969574,-0.00040356,2023
AMZN_2023_Q3,residual_pre_call_market_plus_a4_plus_qna_lsa_test,AMZN,-9.651114666674323e-05,-0.0004581,2023
CSCO_2023_Q3,residual_pre_call_market_plus_a4_plus_qna_lsa_test,CSCO,-0.002856590040860241,-0.0007686,2023
DIS_2023_Q3,residual_pre_call_market_plus_a4_plus_qna_lsa_test,DIS,-0.0003242920771237799,-0.00028621,2023
IBM_2023_Q3,residual_pre_call_market_plus_a4_plus_qna_lsa_test,IBM,-0.00031140554468939044,-0.00039187,2023
MSFT_2023_Q3,residual_pre_call_market_plus_a4_plus_qna_lsa_test,MSFT,0.00023177025686852752,-2.5499999999999976e-06,2023
NKE_2023_Q3,residual_pre_call_market_plus_a4_plus_qna_lsa_test,NKE,-0.00366171896585762,-0.0038115600000000003,2023
AAPL_2023_Q4,residual_pre_call_market_plus_a4_plus_qna_lsa_test,AAPL,-0.0001218405357309234,-0.00029034000000000004,2023
AMZN_2023_Q4,residual_pre_call_market_plus_a4_plus_qna_lsa_test,AMZN,0.00010957904245664302,-0.00052129,2023
CSCO_2023_Q4,residual_pre_call_market_plus_a4_plus_qna_lsa_test,CSCO,-0.00258483748235316,-0.0006168300000000001,2023
DIS_2023_Q4,residual_pre_call_market_plus_a4_plus_qna_lsa_test,DIS,-0.0007809920036373492,-0.00081067,2023
IBM_2023_Q4,residual_pre_call_market_plus_a4_plus_qna_lsa_test,IBM,-0.0018827116768445245,-0.0024170100000000003,2023
MSFT_2023_Q4,residual_pre_call_market_plus_a4_plus_qna_lsa_test,MSFT,0.00029690497001637166,-7.974e-05,2023
NVDA_2023_Q4,residual_pre_call_market_plus_a4_plus_qna_lsa_test,NVDA,-0.006652893790320624,-0.00631723,2023
AAPL_2024_Q1,residual_pre_call_market_plus_a4_plus_qna_lsa_test,AAPL,-8.195248303109314e-06,-0.00067022,2024
AMGN_2024_Q1,residual_pre_call_market_plus_a4_plus_qna_lsa_test,AMGN,-0.0008074945321893959,-0.00096946,2024
AMZN_2024_Q1,residual_pre_call_market_plus_a4_plus_qna_lsa_test,AMZN,0.0008277519989810378,-0.00020563,2024
CSCO_2024_Q1,residual_pre_call_market_plus_a4_plus_qna_lsa_test,CSCO,-0.012342167305151596,-0.01064468,2024
DIS_2024_Q1,residual_pre_call_market_plus_a4_plus_qna_lsa_test,DIS,-0.0032578107904896363,-0.0033299600000000003,2024
IBM_2024_Q1,residual_pre_call_market_plus_a4_plus_qna_lsa_test,IBM,-0.0011613981208154563,-0.0017055,2024
MSFT_2024_Q1,residual_pre_call_market_plus_a4_plus_qna_lsa_test,MSFT,0.0004623916544484268,-1.174e-05,2024
NKE_2024_Q1,residual_pre_call_market_plus_a4_plus_qna_lsa_test,NKE,-0.0008115035511571964,-0.0003535,2024
NVDA_2024_Q1,residual_pre_call_market_plus_a4_plus_qna_lsa_test,NVDA,-0.019876281228063196,-0.01920943,2024
AAPL_2024_Q2,residual_pre_call_market_plus_a4_plus_qna_lsa_test,AAPL,-0.000894241905070475,-0.00210507,2024
AMGN_2024_Q2,residual_pre_call_market_plus_a4_plus_qna_lsa_test,AMGN,-0.00035788387248489155,-0.00021409999999999995,2024
AMZN_2024_Q2,residual_pre_call_market_plus_a4_plus_qna_lsa_test,AMZN,0.00029675590460299445,-0.00032218,2024
CSCO_2024_Q2,residual_pre_call_market_plus_a4_plus_qna_lsa_test,CSCO,-0.005809579914801154,-0.0038139999999999997,2024
IBM_2024_Q2,residual_pre_call_market_plus_a4_plus_qna_lsa_test,IBM,-0.0022727065954417343,-0.00248249,2024
MSFT_2024_Q2,residual_pre_call_market_plus_a4_plus_qna_lsa_test,MSFT,8.221664136182533e-06,-0.00026371,2024
NKE_2024_Q2,residual_pre_call_market_plus_a4_plus_qna_lsa_test,NKE,-0.0016246434964774109,-0.00164732,2024
NVDA_2024_Q2,residual_pre_call_market_plus_a4_plus_qna_lsa_test,NVDA,-0.009050580014606983,-0.00707699,2024
AMGN_2024_Q3,residual_pre_call_market_plus_a4_plus_qna_lsa_test,AMGN,0.0001012708334614808,0.00019386,2024
AMZN_2024_Q3,residual_pre_call_market_plus_a4_plus_qna_lsa_test,AMZN,-0.0023844797935440244,-0.0031052700000000003,2024
CSCO_2024_Q3,residual_pre_call_market_plus_a4_plus_qna_lsa_test,CSCO,-0.005034050041507749,-0.00289537,2024
IBM_2024_Q3,residual_pre_call_market_plus_a4_plus_qna_lsa_test,IBM,-0.004880242516584036,-0.00544108,2024
MSFT_2024_Q3,residual_pre_call_market_plus_a4_plus_qna_lsa_test,MSFT,0.0003343511726292238,-6.798999999999999e-05,2024
NKE_2024_Q3,residual_pre_call_market_plus_a4_plus_qna_lsa_test,NKE,-0.0008467145418242956,-0.0006970899999999999,2024
NVDA_2024_Q3,residual_pre_call_market_plus_a4_plus_qna_lsa_test,NVDA,-0.0028830341091454757,-0.00066217,2024
CSCO_2024_Q4,residual_pre_call_market_plus_a4_plus_qna_lsa_test,CSCO,-0.004365809953793259,-0.0019335,2024
NVDA_2024_Q4,residual_pre_call_market_plus_a4_plus_qna_lsa_test,NVDA,-0.004162895088906049,-0.00206003,2024
CSCO_2025_Q1,residual_pre_call_market_plus_a4_plus_qna_lsa_test,CSCO,-0.002377550487051509,-0.00041538,2025
MSFT_2025_Q1,residual_pre_call_market_plus_a4_plus_qna_lsa_test,MSFT,0.0007132806388237548,-8.101e-05,2025
NKE_2025_Q1,residual_pre_call_market_plus_a4_plus_qna_lsa_test,NKE,-0.0003416618712833552,-0.00053343,2025
NKE_2025_Q2,residual_pre_call_market_plus_a4_plus_qna_lsa_test,NKE,-0.00322576470930182,-0.00306539,2025
NVDA_2025_Q2,residual_pre_call_market_plus_a4_plus_qna_lsa_test,NVDA,-0.014242215876398097,-0.01276156,2025
CSCO_2022_Q1,residual_pre_call_market_plus_controls_plus_a4_val,CSCO,-0.005067840365609321,-0.00494619,2022
DIS_2022_Q1,residual_pre_call_market_plus_controls_plus_a4_val,DIS,-0.008719623549184758,-0.00840411,2022
IBM_2022_Q1,residual_pre_call_market_plus_controls_plus_a4_val,IBM,-0.0010055923183609227,-0.0009715899999999999,2022
MSFT_2022_Q1,residual_pre_call_market_plus_controls_plus_a4_val,MSFT,0.0005231889144924909,-8.542e-05,2022
NKE_2022_Q1,residual_pre_call_market_plus_controls_plus_a4_val,NKE,-0.001128840587229476,-0.00050994,2022
AAPL_2022_Q2,residual_pre_call_market_plus_controls_plus_a4_val,AAPL,-0.000510955029194271,-0.0007026399999999999,2022
AMGN_2022_Q2,residual_pre_call_market_plus_controls_plus_a4_val,AMGN,-0.000509674447311447,-2.2879999999999998e-05,2022
AMZN_2022_Q2,residual_pre_call_market_plus_controls_plus_a4_val,AMZN,0.00022591288827101183,-0.00019901,2022
DIS_2022_Q2,residual_pre_call_market_plus_controls_plus_a4_val,DIS,-0.001250471235286297,-0.00085869,2022
MSFT_2022_Q2,residual_pre_call_market_plus_controls_plus_a4_val,MSFT,-0.0006715596711311752,2.1859999999999984e-05,2022
NKE_2022_Q2,residual_pre_call_market_plus_controls_plus_a4_val,NKE,-0.0016193158852777457,-0.00114921,2022
AAPL_2022_Q3,residual_pre_call_market_plus_controls_plus_a4_val,AAPL,-0.00017266776714639355,-0.00040280000000000003,2022
AMZN_2022_Q3,residual_pre_call_market_plus_controls_plus_a4_val,AMZN,-0.0026241726880928368,-0.0017514899999999999,2022
CSCO_2022_Q3,residual_pre_call_market_plus_controls_plus_a4_val,CSCO,-0.024364950878977137,-0.02351422,2022
DIS_2022_Q3,residual_pre_call_market_plus_controls_plus_a4_val,DIS,-0.001829218002707208,-0.00174311,2022
NKE_2022_Q3,residual_pre_call_market_plus_controls_plus_a4_val,NKE,-0.0023120856726639837,-0.00187298,2022
AAPL_2022_Q4,residual_pre_call_market_plus_controls_plus_a4_val,AAPL,-5.194380704982111e-06,-0.00023414000000000003,2022
AMZN_2022_Q4,residual_pre_call_market_plus_controls_plus_a4_val,AMZN,-0.0007620061663360448,-0.00036872,2022
CSCO_2022_Q4,residual_pre_call_market_plus_controls_plus_a4_val,CSCO,-0.0034731443473657243,-0.00187935,2022
IBM_2022_Q4,residual_pre_call_market_plus_controls_plus_a4_val,IBM,-0.001123909435528084,-0.0011752,2022
MSFT_2022_Q4,residual_pre_call_market_plus_controls_plus_a4_val,MSFT,0.0005734224270479256,-5.9319999999999994e-05,2022
NKE_2022_Q4,residual_pre_call_market_plus_controls_plus_a4_val,NKE,-0.0003643975634728949,-0.00046361000000000004,2022
NVDA_2022_Q4,residual_pre_call_market_plus_controls_plus_a4_val,NVDA,-0.0002536231741910002,-0.00021324,2022
AAPL_2023_Q1,residual_pre_call_market_plus_controls_plus_a4_test,AAPL,-0.0028208411458288,-0.00259178,2023
AMGN_2023_Q1,residual_pre_call_market_plus_controls_plus_a4_test,AMGN,0.0003657751441826062,-0.00050053,2023
AMZN_2023_Q1,residual_pre_call_market_plus_controls_plus_a4_test,AMZN,-0.0003821271217199569,9.485e-05,2023
CSCO_2023_Q1,residual_pre_call_market_plus_controls_plus_a4_test,CSCO,-0.0038767289750883276,-0.00214506,2023
DIS_2023_Q1,residual_pre_call_market_plus_controls_plus_a4_test,DIS,-0.000613632220739098,-0.00041479000000000006,2023
IBM_2023_Q1,residual_pre_call_market_plus_controls_plus_a4_test,IBM,-0.0020964772081641524,-0.00243218,2023
MSFT_2023_Q1,residual_pre_call_market_plus_controls_plus_a4_test,MSFT,0.0005301371234915563,-1.2099999999999996e-05,2023
NKE_2023_Q1,residual_pre_call_market_plus_controls_plus_a4_test,NKE,-0.002124434124313455,-0.0017457800000000002,2023
NVDA_2023_Q1,residual_pre_call_market_plus_controls_plus_a4_test,NVDA,-0.0060887463096620294,-0.00705162,2023
AMGN_2023_Q2,residual_pre_call_market_plus_controls_plus_a4_test,AMGN,0.00012886422485421589,-0.0012617400000000001,2023
CSCO_2023_Q2,residual_pre_call_market_plus_controls_plus_a4_test,CSCO,-0.005977125858626273,-0.0038577900000000007,2023
DIS_2023_Q2,residual_pre_call_market_plus_controls_plus_a4_test,DIS,-0.0008662198488659175,-0.0008044899999999999,2023
IBM_2023_Q2,residual_pre_call_market_plus_controls_plus_a4_test,IBM,-0.0003202112991308652,-0.00022817,2023
NKE_2023_Q2,residual_pre_call_market_plus_controls_plus_a4_test,NKE,-0.0014321753696039463,-0.00153212,2023
NVDA_2023_Q2,residual_pre_call_market_plus_controls_plus_a4_test,NVDA,0.00022151028457384914,-0.00033615,2023
AAPL_2023_Q3,residual_pre_call_market_plus_controls_plus_a4_test,AAPL,-0.00019449508661083725,-0.00040356,2023
AMZN_2023_Q3,residual_pre_call_market_plus_controls_plus_a4_test,AMZN,-0.0004871420713871844,-0.0004581,2023
CSCO_2023_Q3,residual_pre_call_market_plus_controls_plus_a4_test,CSCO,-0.0025681178113701507,-0.0007686,2023
DIS_2023_Q3,residual_pre_call_market_plus_controls_plus_a4_test,DIS,0.0002183354429491091,-0.00028621,2023
IBM_2023_Q3,residual_pre_call_market_plus_controls_plus_a4_test,IBM,-0.0006534630076008509,-0.00039187,2023
MSFT_2023_Q3,residual_pre_call_market_plus_controls_plus_a4_test,MSFT,0.0005534321760274353,-2.5499999999999976e-06,2023
NKE_2023_Q3,residual_pre_call_market_plus_controls_plus_a4_test,NKE,-0.003711873179319031,-0.0038115600000000003,2023
AAPL_2023_Q4,residual_pre_call_market_plus_controls_plus_a4_test,AAPL,-3.394279182012696e-05,-0.00029034000000000004,2023
AMZN_2023_Q4,residual_pre_call_market_plus_controls_plus_a4_test,AMZN,-0.0005253977340015669,-0.00052129,2023
CSCO_2023_Q4,residual_pre_call_market_plus_controls_plus_a4_test,CSCO,-0.0023632756203488623,-0.0006168300000000001,2023
DIS_2023_Q4,residual_pre_call_market_plus_controls_plus_a4_test,DIS,-0.0007026406182919617,-0.00081067,2023
IBM_2023_Q4,residual_pre_call_market_plus_controls_plus_a4_test,IBM,-0.0021488979951400197,-0.0024170100000000003,2023
MSFT_2023_Q4,residual_pre_call_market_plus_controls_plus_a4_test,MSFT,0.000330133894155057,-7.974e-05,2023
NVDA_2023_Q4,residual_pre_call_market_plus_controls_plus_a4_test,NVDA,-0.006445030628135305,-0.00631723,2023
AAPL_2024_Q1,residual_pre_call_market_plus_controls_plus_a4_test,AAPL,0.00020311353835732507,-0.00067022,2024
AMGN_2024_Q1,residual_pre_call_market_plus_controls_plus_a4_test,AMGN,-0.00042347407238273714,-0.00096946,2024
AMZN_2024_Q1,residual_pre_call_market_plus_controls_plus_a4_test,AMZN,1.1799473209175566e-05,-0.00020563,2024
CSCO_2024_Q1,residual_pre_call_market_plus_controls_plus_a4_test,CSCO,-0.012967905549251592,-0.01064468,2024
DIS_2024_Q1,residual_pre_call_market_plus_controls_plus_a4_test,DIS,-0.003389925102477558,-0.0033299600000000003,2024
IBM_2024_Q1,residual_pre_call_market_plus_controls_plus_a4_test,IBM,-0.0015739672312396588,-0.0017055,2024
MSFT_2024_Q1,residual_pre_call_market_plus_controls_plus_a4_test,MSFT,0.00055752271652366,-1.174e-05,2024
NKE_2024_Q1,residual_pre_call_market_plus_controls_plus_a4_test,NKE,-0.0011067690468719873,-0.0003535,2024
NVDA_2024_Q1,residual_pre_call_market_plus_controls_plus_a4_test,NVDA,-0.020521954475602282,-0.01920943,2024
AAPL_2024_Q2,residual_pre_call_market_plus_controls_plus_a4_test,AAPL,-0.0009915025255094797,-0.00210507,2024
AMGN_2024_Q2,residual_pre_call_market_plus_controls_plus_a4_test,AMGN,0.0001913625981861516,-0.00021409999999999995,2024
AMZN_2024_Q2,residual_pre_call_market_plus_controls_plus_a4_test,AMZN,0.0002874610148775317,-0.00032218,2024
CSCO_2024_Q2,residual_pre_call_market_plus_controls_plus_a4_test,CSCO,-0.005330856821303916,-0.0038139999999999997,2024
IBM_2024_Q2,residual_pre_call_market_plus_controls_plus_a4_test,IBM,-0.002224052098248922,-0.00248249,2024
MSFT_2024_Q2,residual_pre_call_market_plus_controls_plus_a4_test,MSFT,-4.373442422505726e-05,-0.00026371,2024
NKE_2024_Q2,residual_pre_call_market_plus_controls_plus_a4_test,NKE,-0.001436160596101823,-0.00164732,2024
NVDA_2024_Q2,residual_pre_call_market_plus_controls_plus_a4_test,NVDA,-0.008657698274943306,-0.00707699,2024
AMGN_2024_Q3,residual_pre_call_market_plus_controls_plus_a4_test,AMGN,0.0005811419959520721,0.00019386,2024
AMZN_2024_Q3,residual_pre_call_market_plus_controls_plus_a4_test,AMZN,-0.0024462168716199223,-0.0031052700000000003,2024
CSCO_2024_Q3,residual_pre_call_market_plus_controls_plus_a4_test,CSCO,-0.005300076202180117,-0.00289537,2024
IBM_2024_Q3,residual_pre_call_market_plus_controls_plus_a4_test,IBM,-0.005110545677013765,-0.00544108,2024
MSFT_2024_Q3,residual_pre_call_market_plus_controls_plus_a4_test,MSFT,0.00038825953432972566,-6.798999999999999e-05,2024
NKE_2024_Q3,residual_pre_call_market_plus_controls_plus_a4_test,NKE,-0.0005945010176055757,-0.0006970899999999999,2024
NVDA_2024_Q3,residual_pre_call_market_plus_controls_plus_a4_test,NVDA,-0.002416776960386096,-0.00066217,2024
CSCO_2024_Q4,residual_pre_call_market_plus_controls_plus_a4_test,CSCO,-0.004133940009217952,-0.0019335,2024
NVDA_2024_Q4,residual_pre_call_market_plus_controls_plus_a4_test,NVDA,-0.003685606211257809,-0.00206003,2024
CSCO_2025_Q1,residual_pre_call_market_plus_controls_plus_a4_test,CSCO,-0.002248021598992094,-0.00041538,2025
MSFT_2025_Q1,residual_pre_call_market_plus_controls_plus_a4_test,MSFT,0.0010222544003041035,-8.101e-05,2025
NKE_2025_Q1,residual_pre_call_market_plus_controls_plus_a4_test,NKE,-0.00041067426802777226,-0.00053343,2025
NKE_2025_Q2,residual_pre_call_market_plus_controls_plus_a4_test,NKE,-0.005186758479041606,-0.00306539,2025
NVDA_2025_Q2,residual_pre_call_market_plus_controls_plus_a4_test,NVDA,-0.01554811415032688,-0.01276156,2025
CSCO_2022_Q1,residual_pre_call_market_plus_controls_plus_a4_plus_qna_lsa_val,CSCO,-0.004787017206967823,-0.00494619,2022
DIS_2022_Q1,residual_pre_call_market_plus_controls_plus_a4_plus_qna_lsa_val,DIS,-0.008544060748150416,-0.00840411,2022
IBM_2022_Q1,residual_pre_call_market_plus_controls_plus_a4_plus_qna_lsa_val,IBM,-0.0008081289752360081,-0.0009715899999999999,2022
MSFT_2022_Q1,residual_pre_call_market_plus_controls_plus_a4_plus_qna_lsa_val,MSFT,0.00021106381585881347,-8.542e-05,2022
NKE_2022_Q1,residual_pre_call_market_plus_controls_plus_a4_plus_qna_lsa_val,NKE,-0.001045154137207156,-0.00050994,2022
AAPL_2022_Q2,residual_pre_call_market_plus_controls_plus_a4_plus_qna_lsa_val,AAPL,-0.0005572356202231006,-0.0007026399999999999,2022
AMGN_2022_Q2,residual_pre_call_market_plus_controls_plus_a4_plus_qna_lsa_val,AMGN,-0.0003324579079449253,-2.2879999999999998e-05,2022
AMZN_2022_Q2,residual_pre_call_market_plus_controls_plus_a4_plus_qna_lsa_val,AMZN,4.105281225600795e-05,-0.00019901,2022
DIS_2022_Q2,residual_pre_call_market_plus_controls_plus_a4_plus_qna_lsa_val,DIS,-0.0011565583236726198,-0.00085869,2022
MSFT_2022_Q2,residual_pre_call_market_plus_controls_plus_a4_plus_qna_lsa_val,MSFT,-0.0008042590902356212,2.1859999999999984e-05,2022
NKE_2022_Q2,residual_pre_call_market_plus_controls_plus_a4_plus_qna_lsa_val,NKE,-0.0015404024441745658,-0.00114921,2022
AAPL_2022_Q3,residual_pre_call_market_plus_controls_plus_a4_plus_qna_lsa_val,AAPL,-0.0002806210117142695,-0.00040280000000000003,2022
AMZN_2022_Q3,residual_pre_call_market_plus_controls_plus_a4_plus_qna_lsa_val,AMZN,-0.0016974124601179816,-0.0017514899999999999,2022
CSCO_2022_Q3,residual_pre_call_market_plus_controls_plus_a4_plus_qna_lsa_val,CSCO,-0.023913038037743174,-0.02351422,2022
DIS_2022_Q3,residual_pre_call_market_plus_controls_plus_a4_plus_qna_lsa_val,DIS,-0.0019558578328616014,-0.00174311,2022
NKE_2022_Q3,residual_pre_call_market_plus_controls_plus_a4_plus_qna_lsa_val,NKE,-0.002087269898242904,-0.00187298,2022
AAPL_2022_Q4,residual_pre_call_market_plus_controls_plus_a4_plus_qna_lsa_val,AAPL,0.00016005065642548983,-0.00023414000000000003,2022
AMZN_2022_Q4,residual_pre_call_market_plus_controls_plus_a4_plus_qna_lsa_val,AMZN,-0.0006631765586719663,-0.00036872,2022
CSCO_2022_Q4,residual_pre_call_market_plus_controls_plus_a4_plus_qna_lsa_val,CSCO,-0.0036640404440876585,-0.00187935,2022
IBM_2022_Q4,residual_pre_call_market_plus_controls_plus_a4_plus_qna_lsa_val,IBM,-0.0009778448413976805,-0.0011752,2022
MSFT_2022_Q4,residual_pre_call_market_plus_controls_plus_a4_plus_qna_lsa_val,MSFT,0.00044374563566981014,-5.9319999999999994e-05,2022
NKE_2022_Q4,residual_pre_call_market_plus_controls_plus_a4_plus_qna_lsa_val,NKE,-0.00031537806751405343,-0.00046361000000000004,2022
NVDA_2022_Q4,residual_pre_call_market_plus_controls_plus_a4_plus_qna_lsa_val,NVDA,-0.00024643942587078736,-0.00021324,2022
AAPL_2023_Q1,residual_pre_call_market_plus_controls_plus_a4_plus_qna_lsa_test,AAPL,-0.0029938763200505498,-0.00259178,2023
AMGN_2023_Q1,residual_pre_call_market_plus_controls_plus_a4_plus_qna_lsa_test,AMGN,-6.474485092165003e-05,-0.00050053,2023
AMZN_2023_Q1,residual_pre_call_market_plus_controls_plus_a4_plus_qna_lsa_test,AMZN,-0.00017499005835581465,9.485e-05,2023
CSCO_2023_Q1,residual_pre_call_market_plus_controls_plus_a4_plus_qna_lsa_test,CSCO,-0.003847809008421463,-0.00214506,2023
DIS_2023_Q1,residual_pre_call_market_plus_controls_plus_a4_plus_qna_lsa_test,DIS,-0.000611034568468533,-0.00041479000000000006,2023
IBM_2023_Q1,residual_pre_call_market_plus_controls_plus_a4_plus_qna_lsa_test,IBM,-0.0021317053528805527,-0.00243218,2023
MSFT_2023_Q1,residual_pre_call_market_plus_controls_plus_a4_plus_qna_lsa_test,MSFT,0.00033250716914152404,-1.2099999999999996e-05,2023
NKE_2023_Q1,residual_pre_call_market_plus_controls_plus_a4_plus_qna_lsa_test,NKE,-0.0016153424697091265,-0.0017457800000000002,2023
NVDA_2023_Q1,residual_pre_call_market_plus_controls_plus_a4_plus_qna_lsa_test,NVDA,-0.006562126669650023,-0.00705162,2023
AMGN_2023_Q2,residual_pre_call_market_plus_controls_plus_a4_plus_qna_lsa_test,AMGN,-0.0005929423068964118,-0.0012617400000000001,2023
CSCO_2023_Q2,residual_pre_call_market_plus_controls_plus_a4_plus_qna_lsa_test,CSCO,-0.0061560615849463474,-0.0038577900000000007,2023
DIS_2023_Q2,residual_pre_call_market_plus_controls_plus_a4_plus_qna_lsa_test,DIS,-0.0009244549287316668,-0.0008044899999999999,2023
IBM_2023_Q2,residual_pre_call_market_plus_controls_plus_a4_plus_qna_lsa_test,IBM,-0.00021071035084630299,-0.00022817,2023
NKE_2023_Q2,residual_pre_call_market_plus_controls_plus_a4_plus_qna_lsa_test,NKE,-0.0012160987721288874,-0.00153212,2023
NVDA_2023_Q2,residual_pre_call_market_plus_controls_plus_a4_plus_qna_lsa_test,NVDA,-0.00025089674992428285,-0.00033615,2023
AAPL_2023_Q3,residual_pre_call_market_plus_controls_plus_a4_plus_qna_lsa_test,AAPL,-0.0004313986405996025,-0.00040356,2023
AMZN_2023_Q3,residual_pre_call_market_plus_controls_plus_a4_plus_qna_lsa_test,AMZN,-0.000363919594420324,-0.0004581,2023
CSCO_2023_Q3,residual_pre_call_market_plus_controls_plus_a4_plus_qna_lsa_test,CSCO,-0.002533867390462251,-0.0007686,2023
DIS_2023_Q3,residual_pre_call_market_plus_controls_plus_a4_plus_qna_lsa_test,DIS,0.00012311143941974838,-0.00028621,2023
IBM_2023_Q3,residual_pre_call_market_plus_controls_plus_a4_plus_qna_lsa_test,IBM,-0.0002946934834791876,-0.00039187,2023
MSFT_2023_Q3,residual_pre_call_market_plus_controls_plus_a4_plus_qna_lsa_test,MSFT,0.000189599092705611,-2.5499999999999976e-06,2023
NKE_2023_Q3,residual_pre_call_market_plus_controls_plus_a4_plus_qna_lsa_test,NKE,-0.0035386730496376516,-0.0038115600000000003,2023
AAPL_2023_Q4,residual_pre_call_market_plus_controls_plus_a4_plus_qna_lsa_test,AAPL,5.596671298057601e-05,-0.00029034000000000004,2023
AMZN_2023_Q4,residual_pre_call_market_plus_controls_plus_a4_plus_qna_lsa_test,AMZN,-0.00030690190779719705,-0.00052129,2023
CSCO_2023_Q4,residual_pre_call_market_plus_controls_plus_a4_plus_qna_lsa_test,CSCO,-0.002337809348145296,-0.0006168300000000001,2023
DIS_2023_Q4,residual_pre_call_market_plus_controls_plus_a4_plus_qna_lsa_test,DIS,-0.0004977177080611804,-0.00081067,2023
IBM_2023_Q4,residual_pre_call_market_plus_controls_plus_a4_plus_qna_lsa_test,IBM,-0.0019306871532225837,-0.0024170100000000003,2023
MSFT_2023_Q4,residual_pre_call_market_plus_controls_plus_a4_plus_qna_lsa_test,MSFT,0.00012600843341352647,-7.974e-05,2023
NVDA_2023_Q4,residual_pre_call_market_plus_controls_plus_a4_plus_qna_lsa_test,NVDA,-0.0067144240855488285,-0.00631723,2023
AAPL_2024_Q1,residual_pre_call_market_plus_controls_plus_a4_plus_qna_lsa_test,AAPL,1.9966290876965477e-05,-0.00067022,2024
AMGN_2024_Q1,residual_pre_call_market_plus_controls_plus_a4_plus_qna_lsa_test,AMGN,-0.0004008165714628395,-0.00096946,2024
AMZN_2024_Q1,residual_pre_call_market_plus_controls_plus_a4_plus_qna_lsa_test,AMZN,0.0003430220500262827,-0.00020563,2024
CSCO_2024_Q1,residual_pre_call_market_plus_controls_plus_a4_plus_qna_lsa_test,CSCO,-0.01261251547604926,-0.01064468,2024
DIS_2024_Q1,residual_pre_call_market_plus_controls_plus_a4_plus_qna_lsa_test,DIS,-0.003320636331130171,-0.0033299600000000003,2024
IBM_2024_Q1,residual_pre_call_market_plus_controls_plus_a4_plus_qna_lsa_test,IBM,-0.0011764598276851027,-0.0017055,2024
MSFT_2024_Q1,residual_pre_call_market_plus_controls_plus_a4_plus_qna_lsa_test,MSFT,0.00030804446038780605,-1.174e-05,2024
NKE_2024_Q1,residual_pre_call_market_plus_controls_plus_a4_plus_qna_lsa_test,NKE,-0.0006129909813796268,-0.0003535,2024
NVDA_2024_Q1,residual_pre_call_market_plus_controls_plus_a4_plus_qna_lsa_test,NVDA,-0.02057992443976978,-0.01920943,2024
AAPL_2024_Q2,residual_pre_call_market_plus_controls_plus_a4_plus_qna_lsa_test,AAPL,-0.0011523787967226483,-0.00210507,2024
AMGN_2024_Q2,residual_pre_call_market_plus_controls_plus_a4_plus_qna_lsa_test,AMGN,4.124520767225448e-06,-0.00021409999999999995,2024
AMZN_2024_Q2,residual_pre_call_market_plus_controls_plus_a4_plus_qna_lsa_test,AMZN,2.4893976076718048e-05,-0.00032218,2024
CSCO_2024_Q2,residual_pre_call_market_plus_controls_plus_a4_plus_qna_lsa_test,CSCO,-0.005626477802019286,-0.0038139999999999997,2024
IBM_2024_Q2,residual_pre_call_market_plus_controls_plus_a4_plus_qna_lsa_test,IBM,-0.002252949440409862,-0.00248249,2024
MSFT_2024_Q2,residual_pre_call_market_plus_controls_plus_a4_plus_qna_lsa_test,MSFT,-0.0002226323190268464,-0.00026371,2024
NKE_2024_Q2,residual_pre_call_market_plus_controls_plus_a4_plus_qna_lsa_test,NKE,-0.0014945391764781765,-0.00164732,2024
NVDA_2024_Q2,residual_pre_call_market_plus_controls_plus_a4_plus_qna_lsa_test,NVDA,-0.008965883060571174,-0.00707699,2024
AMGN_2024_Q3,residual_pre_call_market_plus_controls_plus_a4_plus_qna_lsa_test,AMGN,0.0005169197362742242,0.00019386,2024
AMZN_2024_Q3,residual_pre_call_market_plus_controls_plus_a4_plus_qna_lsa_test,AMZN,-0.002398963122290541,-0.0031052700000000003,2024
CSCO_2024_Q3,residual_pre_call_market_plus_controls_plus_a4_plus_qna_lsa_test,CSCO,-0.004939501770314349,-0.00289537,2024
IBM_2024_Q3,residual_pre_call_market_plus_controls_plus_a4_plus_qna_lsa_test,IBM,-0.004921972584094389,-0.00544108,2024
MSFT_2024_Q3,residual_pre_call_market_plus_controls_plus_a4_plus_qna_lsa_test,MSFT,0.00011820936896979457,-6.798999999999999e-05,2024
NKE_2024_Q3,residual_pre_call_market_plus_controls_plus_a4_plus_qna_lsa_test,NKE,-0.0005970449205918995,-0.0006970899999999999,2024
NVDA_2024_Q3,residual_pre_call_market_plus_controls_plus_a4_plus_qna_lsa_test,NVDA,-0.0027247501312231523,-0.00066217,2024
CSCO_2024_Q4,residual_pre_call_market_plus_controls_plus_a4_plus_qna_lsa_test,CSCO,-0.004123114520686181,-0.0019335,2024
NVDA_2024_Q4,residual_pre_call_market_plus_controls_plus_a4_plus_qna_lsa_test,NVDA,-0.004149126518896384,-0.00206003,2024
CSCO_2025_Q1,residual_pre_call_market_plus_controls_plus_a4_plus_qna_lsa_test,CSCO,-0.002227757938053048,-0.00041538,2025
MSFT_2025_Q1,residual_pre_call_market_plus_controls_plus_a4_plus_qna_lsa_test,MSFT,0.0005831606536556574,-8.101e-05,2025
NKE_2025_Q1,residual_pre_call_market_plus_controls_plus_a4_plus_qna_lsa_test,NKE,-0.0001512733324665228,-0.00053343,2025
NKE_2025_Q2,residual_pre_call_market_plus_controls_plus_a4_plus_qna_lsa_test,NKE,-0.0039007077410260133,-0.00306539,2025
NVDA_2025_Q2,residual_pre_call_market_plus_controls_plus_a4_plus_qna_lsa_test,NVDA,-0.014878861065974469,-0.01276156,2025
